{
  "passive": {
    "bump_10ms": {
      "rms_acc": 1.9507737256165518,
      "rms_tyre": 0.0066290635234576316,
      "peak_travel": 0.054789083955213945,
      "peak_tyre": 0.057133615755100814
    },
    "bump_20ms": {
      "rms_acc": 1.2761327521225652,
      "rms_tyre": 0.005282515412457764,
      "peak_travel": 0.035671143468228604,
      "peak_tyre": 0.04368420319947342
    },
    "bump_30ms": {
      "rms_acc": 0.9026308064148115,
      "rms_tyre": 0.004182441603869687,
      "peak_travel": 0.02493829489603892,
      "peak_tyre": 0.04671959354628597
    }
  },
  "skyhook": {
    "bump_20ms": {
      "rms_acc": 1.3374083839163555,
      "rms_tyre": 0.006464586187718186,
      "peak_travel": 0.04065515989558473,
      "peak_tyre": 0.043498413705942526
    }
  }
}