{
  "passive": {
    "bump_10ms": {
      "rms_acc": 2.0211780689227234,
      "rms_tyre": 0.006640431308765454,
      "peak_travel": 0.0558466195379545,
      "peak_tyre": 0.057540815956145214
    },
    "bump_20ms": {
      "rms_acc": 1.3374082351294068,
      "rms_tyre": 0.005338604209113977,
      "peak_travel": 0.0367706200521931,
      "peak_tyre": 0.043407313313453655
    },
    "bump_30ms": {
      "rms_acc": 0.9479337660589875,
      "rms_tyre": 0.00422682039079679,
      "peak_travel": 0.025767779080067155,
      "peak_tyre": 0.04657259567748606
    }
  },
  "skyhook": {
    "bump_20ms": {
      "rms_acc": 1.4062697501289083,
      "rms_tyre": 0.006545486599523871,
      "peak_travel": 0.04181021622294438,
      "peak_tyre": 0.04322615607894888
    }
  }
}